ods_code,ods_name,cancer_alliance_name,cancer_alliance_code,notes
R0B,South Tyneside and Sunderland NHS Foundation Trust,Northern Cancer Alliance,N69,
RNN,North Cumbria Integrated Care NHS Foundation Trust,Northern Cancer Alliance,N69,
RR7,Gateshead Healthcare NHS Foundation Trust,Northern Cancer Alliance,N69,
RTD,The Newcastle upon Tyne Hospitals NHS Foundation Trust,Northern Cancer Alliance,N69,
RTF,Northumbria Healthcare NHS Foundation Trust,Northern Cancer Alliance,N69,
RTR,South Tees Hospitals NHS Foundation Trust,Northern Cancer Alliance,N69,
RVW,North Tees & Hartlepool NHS Foundation Trust,Northern Cancer Alliance,N69,
RXP,County Durham & Darlington NHS FoundationTrust,Northern Cancer Alliance,N69,
RXL,Blackpool Teaching Hospitals NHS Foundation Trust,Lancashire and South Cumbria Cancer Alliance,N76,
RXR,East Lancashire Hospitals NHS Trust,Lancashire and South Cumbria Cancer Alliance,N76,
RXN,Lancashire Teaching Hospitals NHS Foundation Trust,Lancashire and South Cumbria Cancer Alliance,N76,
RTX,The University Hospitals Of Morecambe Bay NHS Foundation Trust,Lancashire and South Cumbria Cancer Alliance,N76,
RCF,Airedale NHS Foundation Trust,West Yorkshire and Harrogate Cancer Alliance,N63,
RAE,Bradford Teaching Hospitals NHS Foundation Trust,West Yorkshire and Harrogate Cancer Alliance,N63,
RWY,Calderdale and Huddersfield NHS Foundation Trust,West Yorkshire and Harrogate Cancer Alliance,N63,
RCD,Harrogate and District NHS Foundation Trust,West Yorkshire and Harrogate Cancer Alliance,N63,Also partners with Humber & North Yorkshire Cancer Alliance
RR8,Leeds Teaching Hospitals NHS Trust,West Yorkshire and Harrogate Cancer Alliance,N63,
RXF,Mid Yorkshire Teaching NHS Trust,West Yorkshire and Harrogate Cancer Alliance,N63,
RCB,York and Scarborough Teaching Hospitals NHS Foundation Trust,Humber & North Yorkshire Cancer Alliance,N70,
RWA,Hull University Teaching Hospitals NHS Trust,Humber & North Yorkshire Cancer Alliance,N70,
RJL,Northern Lincolnshire and Goole NHS Foundation Trust,Humber & North Yorkshire Cancer Alliance,N70,
RX8,Yorkshire Ambulance Service NHS Trust,Humber & North Yorkshire Cancer Alliance,N70,
RX9,East Midlands Ambulance Service NHS Trust,Humber & North Yorkshire Cancer Alliance,N70,
RV9,Humber Teaching NHS Foundation Trust,Humber & North Yorkshire Cancer Alliance,N70,
RJR,Countess of Chester Hospital NHS Foundation Trust,Cheshire and Merseyside Cancer Alliance,N68,
RJN,East Cheshire NHS Trust,Cheshire and Merseyside Cancer Alliance,N68,
RBT,Mid Cheshire Hospitals NHS Foundation Trust,Cheshire and Merseyside Cancer Alliance,N68,
REM,Liverpool University Hospitals NHS Foundation Trust,Cheshire and Merseyside Cancer Alliance,N68,
RBS,Alder Hey Children’s NHS Foundation Trust,Cheshire and Merseyside Cancer Alliance,N68,
RBQ,Liverpool Heart and Chest Hospital NHS Foundation Trust,Cheshire and Merseyside Cancer Alliance,N68,
REP,Liverpool Women’s NHS Foundation Trust,Cheshire and Merseyside Cancer Alliance,N68,
RBN,Mersey And West Lancashire Teaching Hospitals NHS Trust,Cheshire and Merseyside Cancer Alliance,N68,
RET,The Walton Centre NHS Foundation Trust,Cheshire and Merseyside Cancer Alliance,N68,
RWW,Warrington and Halton NHS Foundation Trust,Cheshire and Merseyside Cancer Alliance,N68,
RBL,Wirral University Teaching Hospital NHS Foundation Trust,Cheshire and Merseyside Cancer Alliance,N68,
RY2,Bridgewater Community NHS Trust,Cheshire and Merseyside Cancer Alliance,N68,
REN,Clatterbridge Cancer Centre NHS Foundation Trust,Cheshire and Merseyside Cancer Alliance,N68,
RMC,Bolton NHS Foundation Trust,Greater Manchester Cancer Alliance,N67,
RM3,Northern Care Alliance NHS Foundation Trust,Greater Manchester Cancer Alliance,N67,
R0A,Manchester University NHS Foundation Trust,Greater Manchester Cancer Alliance,N67,
RWJ,Stockport NHS Foundation Trust,Greater Manchester Cancer Alliance,N67,
RMP,Tameside and Glossop Integrated Care NHS Foundation Trust,Greater Manchester Cancer Alliance,N67,
RBV,The Christie NHS Foundation Trust,Greater Manchester Cancer Alliance,N67,
RRF,"Wrightington, Wigan and Leigh Teaching Hospitals NHS Foundation Trust",Greater Manchester Cancer Alliance,N67,
RFF,Barnsley Hospital NHS Foundation Trust,South Yorkshire and Bassetlaw Cancer Alliance,N80,
RCU,Sheffield Children's NHS Foundation Trust,South Yorkshire and Bassetlaw Cancer Alliance,N80,
RHQ,Sheffield Teaching Hospitals NHS Foundation Trust,South Yorkshire and Bassetlaw Cancer Alliance,N80,
TAH,Sheffield Health Partnership University NHS Foundation Trust,South Yorkshire and Bassetlaw Cancer Alliance,N80,
RFR,The Rotherham NHS Foundation Trust,South Yorkshire and Bassetlaw Cancer Alliance,N80,
RP5,Doncaster and Basset Law Teaching Hospitals NHS Foundation Trust,South Yorkshire and Bassetlaw Cancer Alliance,N80,
RRK,University Hospitals Birmingham NHS Foundation Trust,West Midlands Cancer Alliance,N45,
RQ3,Birmingham Women's & Children's NHS Foundation Trust,West Midlands Cancer Alliance,N45,
RRJ,The Royal Orthopaedic Hospital NHS Foundation Trust,West Midlands Cancer Alliance,N45,
RKB,University Hospitals Coventry and Warwickshire NHS Trust,West Midlands Cancer Alliance,N45,
RJC,South Warwickshire NHS Foundation Trust,West Midlands Cancer Alliance,N45,
RLT,George Eliot Hospital NHS Trust,West Midlands Cancer Alliance,N45,
RLQ,Wye Valley NHS Trust,West Midlands Cancer Alliance,N45,
RWP,Worcestershire Acute Hospitals NHS Trust,West Midlands Cancer Alliance,N45,
RL1,The Robert Jones and Agnes Hunt Orthopaedic Hospital NHS Foundation Trust,West Midlands Cancer Alliance,N45,
RXW,The Shrewsbury and Telford Hospital NHS Trust,West Midlands Cancer Alliance,N45,
RJE,University Hospitals Of North Midlands NHS Trust,West Midlands Cancer Alliance,N45,
RNA,The Dudley Group NHS Foundation Trust,West Midlands Cancer Alliance,N45,
RXK,Sandwell and West Birmingham NHS Trust,West Midlands Cancer Alliance,N45,
RBK,Walsall Healthcare NHS Trust,West Midlands Cancer Alliance,N45,
RL4,The Royal Wolverhampton NHS Trust,West Midlands Cancer Alliance,N45,
RFS,Chesterfield Royal Hospital NHS Foundation Trust,East Midlands Cancer Alliance,N88,Also partners with South Yorkshire and Bassetlaw Cancer Alliance
RTG,University Hospitals Of Derby And Burton NHS Foundation Trust,East Midlands Cancer Alliance,N88,Queen's Hospital Burton (part of University Hospitals Of Derby And Burton NHS Foundation Trust) also partners with the West Midlan Cancer Alliance.
RWE,University Hospitals Of Leicester NHS Trust,East Midlands Cancer Alliance,N88,
RWD,United Lincolnshire Teaching Hospitals NHS Trust,East Midlands Cancer Alliance,N88,
RNS,Northampton General Hospital NHS Trust,East Midlands Cancer Alliance,N88,
RNQ,Kettering General Hospital NHS Foundation Trust,East Midlands Cancer Alliance,N88,
RX1,Nottingham University Hospitals NHS Trust,East Midlands Cancer Alliance,N88,
RK5,Sherwood Forest Hospitals NHS Foundation Trust,East Midlands Cancer Alliance,N88,
RD8,Milton Keynes University Hospital NHS Trust,East of England Cancer Alliance,L0S3P,Also partners with the Thames Valley Cancer Alliance
RC9,Bedfordshire Hospitals NHS Foundation Trust,East of England Cancer Alliance,L0S3P,
RWG,West Hertfordshire Teaching Hospitals NHS Trust,East of England Cancer Alliance,L0S3P,
RWH,East and North Hertfordshire NHS Trust,East of England Cancer Alliance,L0S3P,
RQW,The Princess Alexandra Hospital NHS Trust,East of England Cancer Alliance,L0S3P,
RGN,North West Anglia NHS Foundation Trust,East of England Cancer Alliance,L0S3P,
RGM,Royal Papworth Hospital NHS Foundation Trust,East of England Cancer Alliance,L0S3P,
RGT,Cambridge University Hospitals NHS Foundation Trust,East of England Cancer Alliance,L0S3P,
RCX,Queen Elizabeth Hospital King's Lynn NHS Foundation Trust,East of England Cancer Alliance,L0S3P,
RM1,Norfolk And Norwich University Hospitals NHS Foundation Trust,East of England Cancer Alliance,L0S3P,
RGP,James Paget University Hospitals NHS Foundation Trust,East of England Cancer Alliance,L0S3P,
RGR,West Suffolk NHS Foundation Trust,East of England Cancer Alliance,L0S3P,
RDE,East Suffolk and North Essex NHS Foundation Trust,East of England Cancer Alliance,L0S3P,
RAJ,Mid and South Essex NHS Foundation Trust,East of England Cancer Alliance,L0S3P,
RAN,Royal National Orthopaedic Hospital NHS Trust,North Central London Cancer Alliance,N99,
RAL,Royal Free London NHS Foundation Trust,North Central London Cancer Alliance,N99,
RKE,Whittington Health NHS Trust,North Central London Cancer Alliance,N99,
RRV,University College London Hospitals NHS Foundation Trust,North Central London Cancer Alliance,N99,
RP4,Great Ormond Street Hospital For Children NHS Foundation Trust,North Central London Cancer Alliance,N99,
RP6,Moorfields Eye Hospital NHS Foundation Trust,North Central London Cancer Alliance,N99,
R1H,Barts Health NHS Trust,North East London Cancer Alliance,N72,
RF4,"Barking, Havering And Redbridge University Hospitals NHS Trust",North East London Cancer Alliance,N72,
RQX,Homerton Healthcare NHS Foundation Trust,North East London Cancer Alliance,N72,
RQM,Chelsea & Westminster Hospital NHS Foundation Trust,West London Cancer Alliance,N78,
RJ6,Croydon Health Services NHS Trust,West London Cancer Alliance,N78,
RVR,Epsom And St Helier University Hospitals NHS Trust,West London Cancer Alliance,N78,
RYJ,Imperial College Healthcare NHS Trust,West London Cancer Alliance,N78,
RAX,Kingston and Richmond NHS Foundation Trust,West London Cancer Alliance,N78,
R1K,London North West University Healthcare NHS Trust,West London Cancer Alliance,N78,
RJ7,St George’s University Hospitals NHS Foundation Trust,West London Cancer Alliance,N78,
RAS,The Hillingdon Hospitals NHS Foundation Trust,West London Cancer Alliance,N78,
RPY,The Royal Marsden NHS Foundation Trust,West London Cancer Alliance,N78,
RJ1,Guy’s and St Thomas’ NHS Foundation Trust,South East London Cancer Alliance,N47,
RJZ,King’s College Hospital NHS Foundation Trust,South East London Cancer Alliance,N47,
RJ2,Lewisham and Greenwich NHS Trust,South East London Cancer Alliance,N47,
RN7,Dartford and Gravesham NHS Trust,Kent and Medway Cancer Alliance,N92,
RVV,East Kent Hospitals University NHS Foundation Trust,Kent and Medway Cancer Alliance,N92,
RPA,Medway NHS Foundation Trust,Kent and Medway Cancer Alliance,N92,
RWF,Maidstone and Tunbridge Wells Trust,Kent and Medway Cancer Alliance,N92,
RTK,Ashford and St. Peter’s Hospitals NHS Foundation Trust,Surrey and Sussex Cancer Alliance,N87,
RYR,University Hospitals Sussex NHS Foundation Trust,Surrey and Sussex Cancer Alliance,N87,
RXC,East Sussex Healthcare NHS Trust,Surrey and Sussex Cancer Alliance,N87,
RDU,Frimley Health NHS Foundation Trust,Surrey and Sussex Cancer Alliance,N87,Also partners with the Thames Valley Cancer Alliance
RPC,Queen Victoria Hospital NHS Foundation Trust,Surrey and Sussex Cancer Alliance,N87,
RA2,Royal Surrey NHS Foundation Trust,Surrey and Sussex Cancer Alliance,N87,
RTP,Surrey and Sussex Healthcare NHS Trust,Surrey and Sussex Cancer Alliance,N87,
R0D,University Hospitals Dorset NHS Foundation Trust,Wessex Cancer Alliance,N46,
RBD,Dorset County Hospital NHS Foundation Trust,Wessex Cancer Alliance,N46,
RDY,Dorset Healthcare University NHS Foundation Trust,Wessex Cancer Alliance,N46,
RHM,University Hospital Southampton NHS Foundation Trust,Wessex Cancer Alliance,N46,
RN5,Hampshire Hospitals NHS Foundation Trust,Wessex Cancer Alliance,N46,
R1F,Isle of Wight NHS Trust,Wessex Cancer Alliance,N46,
RHU,Portsmouth Hospitals University NHS Trust,Wessex Cancer Alliance,N46,
RW1,Hampshire And Isle Of Wight Healthcare NHS Foundation Trust,Wessex Cancer Alliance,N46,
RXQ,Buckinghamshire Healthcare NHS Trust,Thames Valley Cancer Alliance,N89,
RTH,Oxford University Hospitals NHS Foundation Trust,Thames Valley Cancer Alliance,N89,
RHW,Royal Berkshire NHS Foundation Trust,Thames Valley Cancer Alliance,N89,
RN3,Great Western Hospitals NHS Foundation Trust,Thames Valley Cancer Alliance,N89,
RTE,Gloucestershire Hospitals NHS Foundation Trust,"Somerset, Wiltshire, Avon and Gloucestershire Cancer Alliance",N48,
RVJ,North Bristol NHS Trust,"Somerset, Wiltshire, Avon and Gloucestershire Cancer Alliance",N48,
RA7,University Hospitals Bristol & Weston NHS Foundation Trust,"Somerset, Wiltshire, Avon and Gloucestershire Cancer Alliance",N48,
RD1,Royal United Hospitals Bath NHS Foundation Trust,"Somerset, Wiltshire, Avon and Gloucestershire Cancer Alliance",N48,
RNZ,Salisbury NHS Foundation Trust,"Somerset, Wiltshire, Avon and Gloucestershire Cancer Alliance",N48,
RH5,Somerset NHS Foundation Trust,"Somerset, Wiltshire, Avon and Gloucestershire Cancer Alliance",N48,
RK9,University Hospitals Plymouth NHS Trust,Peninsula Cancer Alliance,N77,
REF,Royal Cornwall Hospitals NHS Trust,Peninsula Cancer Alliance,N77,
RH8,Royal Devon University Healthcare NHS Foundation Trust,Peninsula Cancer Alliance,N77,
RA9,Torbay & South Devon Foundation NHS Trust,Peninsula Cancer Alliance,N77,
RVN,Avon And Wiltshire Mental Health Partnership NHS Trust,,,
RWX,Berkshire Healthcare NHS Foundation Trust,,,
RXT,Birmingham And Solihull Mental Health NHS Foundation Trust,,,
RYW,Birmingham Community Healthcare NHS Foundation Trust,,,
TAJ,Black Country Healthcare NHS Foundation Trust,,,
TAD,Bradford District Care NHS Foundation Trust,,,
RT1,Cambridgeshire And Peterborough NHS Foundation Trust,,,
RYV,Cambridgeshire Community Services NHS Trust,,,
RV3,Central And North West London NHS Foundation Trust,,,
RYX,Central London Community Healthcare NHS Trust,,,
RXA,Cheshire And Wirral Partnership NHS Foundation Trust,,,
RJ8,Cornwall Partnership NHS Foundation Trust,,,
RYG,Coventry And Warwickshire Partnership NHS Trust,,,
RX4,"Cumbria, Northumberland, Tyne And Wear NHS Foundation Trust",,,
RY8,Derbyshire Community Health Services NHS Foundation Trust,,,
RXM,Derbyshire Healthcare NHS Foundation Trust,,,
RWV,Devon Partnership NHS Trust,,,
RWK,East London NHS Foundation Trust,,,
RYC,East Of England Ambulance Service NHS Trust,,,
R1L,Essex Partnership University NHS Foundation Trust,,,
RTQ,Gloucestershire Health And Care NHS Foundation Trust,,,
RXV,Greater Manchester Mental Health NHS Foundation Trust,,,
R1A,Herefordshire And Worcestershire Health And Care NHS Trust,,,
RY4,Hertfordshire Community NHS Trust,,,
RWR,Hertfordshire Partnership University NHS Foundation Trust,,,
RXY,Kent And Medway Mental Health NHS Trust,,,
RYY,Kent Community Health NHS Foundation Trust,,,
RW5,Lancashire & South Cumbria NHS Foundation Trust,,,
RGD,Leeds And York Partnership NHS Foundation Trust,,,
RY6,Leeds Community Healthcare NHS Trust,,,
RT5,Leicestershire Partnership NHS Trust,,,
RY5,Lincolnshire Community Health Services NHS Trust,,,
RP7,Lincolnshire Partnership NHS Foundation Trust,,,
RRU,London Ambulance Service NHS Trust,,,
RW4,Mersey Care NHS Foundation Trust,,,
RRE,Midlands Partnership University NHS Foundation Trust,,,
RMY,Norfolk And Suffolk NHS Foundation Trust,,,
RY3,Norfolk Community Health And Care NHS Trust,,,
RX6,North East Ambulance Service NHS Foundation TRust,,,
RAT,North East London NHS Foundation Trust,,,
G6V2S,North London NHS Foundation Trust,,,
RLY,North Staffordshire Combined Healthcare NHS Trust,,,
RX7,North West Ambulance Service NHS Trust,,,
RP1,Northamptonshire Healthcare NHS Foundation Trust,,,
RHA,Nottinghamshire Healthcare NHS Foundation Trust,,,
RNU,Oxford Health NHS Foundation Trust,,,
RPG,Oxleas NHS Foundation Trust,,,
RT2,Pennine Care NHS Foundation Trust,,,
RXE,Rotherham Doncaster And South Humber NHS Foundation Trust,,,
R1D,Shropshire Community Health NHS Trust,,,
RYE,South Central Ambulance Service NHS Foundation Trust,,,
RYD,South East Coast Ambulance Service NHS Foundation Trust,,,
RV5,South London And Maudsley NHS Foundation Trust,,,
RQY,South West London And St George's Mental Health NHS Trust,,,
RXG,South West Yorkshire Partnership NHS Foundation Trust,,,
RYF,South Western Ambulance Service NHS Foundation Trust,,,
RXX,Surrey And Borders Partnership NHS Foundation Trust,,,
RDR,Sussex Community NHS Foundation Trust,,,
RX2,Sussex Partnership NHS Foundation Trust,,,
RX3,"Tees, Esk And Wear Valleys NHS Foundation Trust",,,
RNK,Tavistock And Portman NHS Foundation Trust,,,
RKL,West London NHS Trust,,,
RYA,West Midlands Ambulance Service University NHS Foundation Trust,,,
RY7,Wirral Community Health And Care NHS Foundation Trust,,,